split,aspect,mean_compound,num_reviews_with_aspect
positive,Food,0.8897142806201287,58891
positive,Service,0.9065742991183735,44123
positive,Price,0.905083046871996,26007
negative,Food,0.12084601909684829,13929
negative,Service,0.06892404778003156,13311
negative,Price,0.15974998708344096,7742
