aspect,negative_with_aspect,negative_total,positive_with_aspect,positive_total,negative_rate,positive_rate,lift_negative_over_positive,odds_ratio_negative_vs_positive,chi2_statistic,p_value,is_significant_at_0_05
Service,13311,17701,44123,68938,0.7519914129145246,0.640038875511329,1.1749152129842757,1.7052788650403787,789.971677345102,8.173651280418495e-174,True
Price,7742,17701,26007,68938,0.4373764194113327,0.3772520235573994,1.1593746115066514,1.2832704139650868,214.10996856032907,1.7427194124983705e-48,True
Food,13929,17701,58891,68938,0.7869046946500198,0.854260349879602,0.9211532454242686,0.6299930053928401,476.6402918949274,1.1503074878573414e-105,True
