test_size,error_count,false_positive_count,false_negative_count,accuracy,precision,recall,f1,roc_auc
17329,550,325,225,0.9682612960932541,0.9766102914717524,0.9836897426603842,0.9801372336583605,0.9924166072326345
