split,coherence_c_v
positive,0.48507072861790573
negative,0.43142586054269483
