split,coherence_c_v
positive,0.43001056050767694
negative,0.42457026204200987
