split,coherence_before_c_v,coherence_after_c_v,delta_c_v
positive,0.4300105605076769,0.48507072861790573,0.055060168110228846
negative,0.4245702620420098,0.43142586054269483,0.006855598500685012
